article_id,source,title,bias_score,justification,input_tokens,output_tokens
2020-0575320,npr,ISIS Attack On Afghan Prison Leaves At Least 29 Dead,0,"The article presents factual reporting on the ISIS attack with neutral language, attribution of claims to official sources (provincial governor's spokesman, Reuters, AP), and contextual information about the broader conflict without editorial framing or loaded language.",698,66
2021-1008387,investmentwatchblog,Countries Are Slapping the Unvaccinated With Fines and Bans,2,"The article uses loaded language ('slapping,' 'refuseniks') and presents government vaccination policies with clear editorial framing that emphasizes penalties without providing substantive counterarguments, context about vaccination rates, or balanced discussion of public health rationales versus individual liberty concerns.",585,76
2021-0820611,thenewyorktimes,Getting a Grip on Unreality at the Met's 'Surrealism Beyond Borders',0,"The article employs poetic, descriptive language to present the exhibition's curatorial approach in a neutral, factual manner without advocating for a particular political or ideological position, offering a balanced view of the museum's exhibition goals and artistic themes.",652,71
2020-0365182,bipartisanreport,GOP Floored After Polls From Deep Red Utah Show Massive Biden Surge,3,"The article exhibits strong bias through emotionally charged language ('Republicans have a big problem,' 'floored'), loaded framing that emphasizes Trump's unpopularity while minimizing Biden's appeal, dramatic comparisons (comparing COVID deaths to cities being 'bombed to the ground'), and selective presentation of poll data to advance a negative narrative about Trump and the GOP rather than offering balanced analysis.",1003,101
2022-0201489,thedailycaller,"Nets Fined $50,000 By NBA For Letting Unvaccinated Pro Into Locker Room",2,"The article demonstrates moderate bias through selective framing that emphasizes the perceived absurdity of the vaccine mandate (describing it as applied to employers not individuals, including Durant's dismissive comments calling it 'stupid'), while presenting minimal context about the public health rationale or the NBA's enforcement reasoning, creating a narrative sympathetic to Irving and critical of the policy.",755,93
2021-0134401,washingtontimes,Resort on Mississippi coast set to reopen months after Zeta,0,"The article presents factual information about Hurricane Zeta damage and Margaritaville Resort's reopening plans with straightforward reporting, neutral language, and no apparent editorial framing or one-sided perspective.",561,64
2019-0051723,themanchestereveningnews,Stolen Audi S3 and shotgun recovered after police chase in Fallowfield ends in crash,1,"The article is primarily factual and straightforward in reporting the incident, but subtly frames events through police perspective with loaded language like 'quick-thinking actions,' 'professionalism,' and emphasis on removing 'one more firearm off our streets,' while presenting only the police narrative without seeking alternative viewpoints or independent verification.",835,88
2020-0745290,politicalwire,Trump Thinks He Won the Debate,2,"The article exhibits moderate bias through selective sourcing relying entirely on anonymous Republican critics, loaded characterizations of Trump's behavior (""demeans,"" ""doesn't care""), and framing that presupposes debate failure without presenting Trump's perspective or objective debate analysis.",516,75
2022-0025283,usnews,Kansas Woman Gets Probation for Role in Insurrection,0,"The article presents factual information about the sentencing in a straightforward manner, includes the defendant's apology and the judge's reasoning, reports the sentence imposed, and provides relevant context without loaded language or editorial framing.",610,65
2020-0571278,theindependent,Restaurant uses teddy bears to enforce social distancing,0,"The article presents a straightforward, factual account of a restaurant's creative social distancing measure with direct quotes from the owner, neutral language, and no apparent editorial stance or selective framing.",565,59
2020-0802873,truepundit,Joe Biden Touts Trade Union Endorsement. There's One Problem,3,"The article employs overt advocacy against Biden through selective framing, loaded language ('falsely claimed,' 'flip flopped'), and one-sided presentation that omits context about Biden's actual position shift or counterarguments, while amplifying Trump's union support without scrutiny.",842,78
2019-0092069,eveningstandard,Everything you need to know about the new Ikea superstore in London,0,"The article is factual and neutral, presenting straightforward information about the new Ikea store's features, sustainability measures, and accessibility options without loaded language, editorial commentary, or selective framing of opposing viewpoints.",993,70
2021-0412673,theepochtimes,"NBA Ratings Suffer Notably Since Last Season, and Dramatically Since 2011",3,"The article exhibits strong bias through selective facts, loaded language, and prominent inclusion of politically motivated criticism (Navarro, Blackburn) while presenting the political messaging explanation as established fact rather than contested claims, combined with inflammatory framing that connects NBA ratings decline to political rhetoric without rigorous causal evidence.",985,82
2020-0121119,renegadetribune,New Survey Claims 148 Million Europeans Think a Secret jewish Cabal Runs the World,3,"This article exhibits overt antisemitic propaganda with Holocaust denial, dehumanizing conspiracy theories, false historical claims, and deliberately inflammatory language designed to promote hatred toward Jewish people.",962,56
2018-0324357,thinkprogress,A UFC fight has become a propaganda coup for Chechen warlord,2,"The article demonstrates moderate bias through selective framing that emphasizes negative aspects of Kadyrov and Nurmagomedov while using loaded language ('warlord,' 'strongman,' 'tyrannical stick,' 'gay purge') and presenting Kadyrov's sports sponsorship primarily as propaganda rather than exploring legitimate sporting interests or providing counterbalancing perspective.",1011,99
2021-0316483,theirishtimes,"Segregated education in North can no longer be justified, says President",1,"The article presents President Higgins' statements and views on segregated education, housing, and social issues in a largely straightforward manner, but selective emphasis on his particular policy positions and emotional personal narrative without substantial counterarguments or alternative perspectives creates subtle framing that favors his viewpoint.",995,79
2022-0061389,asiapacificresearch,Nostalgia at the AUKMIN Talks: Britain's Forces Eye Australia,3,"The article employs overt advocacy and propaganda through highly pejorative language ('sadistic,' 'selling the sovereignty'), explicit editorial framing (describing UK-Australia relations as paternalistic 'maternal Britannia'), conspiracy-laden assertions without evidence, and dismissive treatment of stated policy objectives, while using loaded terminology to delegitimize defense agreements rather than presenting factual analysis.",953,106
2020-0028263,thehill,CNN analyst says GOP lawmaker 'mansplained' to her on-air,1,"The article presents the exchange between Turner and Rangappa with factual reporting of their statements, but frames Rangappa's accusation of 'mansplaining' in the headline and leads the story with her characterization rather than presenting the substantive policy disagreement neutrally, showing subtle editorial framing that favors Rangappa's perspective.",974,91
2021-0806920,westernjournal,"After Child Has Bike Stolen, Police Officers Plan Amazing Surprise",1,"The article presents a heartwarming human interest story with overwhelmingly positive framing toward the police officers, using laudatory language ('exemplary,' 'selflessness,' 'kindness') and only positive perspectives while lacking any critical counterbalance or alternative viewpoints typical of neutral reporting.",981,81
2018-0189874,thedailycaller,GOP Rep Drops Bomb On CNN Russians Meddled In Charlottesville To Stir Racial Tensions,2,"The article uses loaded language ('drops bomb'), sensationalized framing, and presents a single congressman's claim without verification, counterarguments, or attribution to original sources, while the headline's dramatic phrasing amplifies the claim beyond what the reporting supports.",608,73
2021-0426474,latimes,"Reward in boy's shooting death on 55 Freeway tops $300,000; suspects urged to surrender",1,"The article maintains primarily factual, straightforward reporting on the reward and investigation, but includes emotionally charged language from officials (particularly Spitzer's statements about 'running out of patience') without counterbalance or alternative perspectives, and emphasizes the victim's vulnerability through details like 'booster seat' and 'on his way to school,' creating subtle emotional framing that favors sympathy over neutrality.",1012,106
2020-0756437,welovetrump,Black Lives MAGA! Black Conservatives Backing Trump!,3,"The article exhibits strong bias through inflammatory partisan language ('DemonRats'), selective cherry-picking of supporters to advance a political agenda, emotionally charged framing that dismisses opposing viewpoints, and advocacy that frames one political perspective as representing 'what America looks like' while delegitimizing opposing views.",383,83
2022-0517948,endtimeheadlines,"Scientists warn that the solar system could collapse as a result of a ""passing star""",2,"The article uses alarmist framing with phrases like 'solar system could collapse' and 'planets crashing into each other,' when the research actually describes theoretical scenarios occurring over millions of years with relatively low probability (26 out of 3,000 simulations), and lacks important context about the actual threat timeline or likelihood to our solar system specifically.",673,94
2020-0705642,cnn,Eric Trump is only willing to be interviewed by the New York AG's office after election,1,"The article presents factual information from court filings and official statements with generally neutral language, but includes subtle framing that slightly favors the AG's perspective by emphasizing Trump's initial cancellation, characterizing his proposed dates as avoiding 'appearance of politicizing,' and adding a parenthetical about Eric Trump making 'misleading claims' at the RNC without detailed context.",894,99
2022-0648055,thenewyorktimes,"In a Sweltering Texas Jail, Cool Towels but No Air-Conditioners",1,"The article presents factual heat-related death and illness statistics while maintaining a mostly neutral tone, but subtle framing choices—such as emphasizing the disparity between county jail temperature requirements and prison conditions, highlighting the lack of political will in the conservative Legislature, and noting rare visitor access—create a sympathetic bias toward inmates without overtly misrepresenting facts.",602,94
2021-0804448,thetelegraph,Police commissioner faces hundreds of complaints over comments after Sarah Everard murder,1,"The article presents a factual account of the complaints against the police commissioner with balanced coverage of various responses (from Labour, the PM, and the commissioner himself), though the headline and framing somewhat emphasize the controversy without extensive exploration of the commissioner's defense or mitigating context.",773,77
2022-0841482,theguardianuk,Rishi Sunak expected to shelve privatisation of Channel 4,1,"The article presents the expected shelving of Channel 4 privatisation with factual reporting of developments, but uses slightly loaded framing such as 'backlash' and 'shelve' while emphasizing opposition voices and industry criticism without substantively presenting arguments in favor of privatisation beyond brief mentions of Sunak's past position.",949,90
2022-0443590,thesun,"Is Australia vs Peru on TV? Channel, live stream, kick-off time and team news for TONIGHT'S World Cup 2022 play-off",1,"The article uses slightly informal language ('insipid,' 'bounced back') and frames Australia less favorably initially while presenting Peru more positively, though it remains primarily factual and informative in structure.",885,63
2022-0391832,hotair,Disaster or outlier? Biden plummets to 36% in new Reuters/Ipsos poll,2,"The article demonstrates moderate bias through selective framing that emphasizes Biden's polling decline as catastrophic, uses loaded language ('plummets,' 'collapsed,' 'ominously'), repeatedly questions whether the data is an outlier rather than accepting it at face value, and focuses disproportionately on negative metrics without providing context about typical polling variations or counterbalancing positive information.",1002,99
2019-0513947,usatoday,Navy secretary denies threatening to resign over Trump's intervention in Eddie Gallagher case,1,"The article presents multiple perspectives on Spencer's denial and Trump's intervention with relatively balanced framing, though it emphasizes Spencer's quotes and Trump's tweet without substantial analysis of the competing institutional interests or deeper context surrounding military discipline versus presidential authority.",640,68
2018-0051043,fortune,US Homeland Security Chief on Potential Russian Voting Hacking,1,"The article presents factual information about DHS efforts on election security but contains subtle bias through selective emphasis on Trump administration failures (reluctance to acknowledge Russian interference, walking back sanctions) while providing limited counterarguments or context for these decisions.",765,68
2019-0134977,theguardianuk,Anthem review - a tedious and conservative dirge,2,"The review employs moderate bias through consistently negative framing, selective focus on weaknesses (hollow gameplay, poor teamwork, isolation mechanics), and dismissive language ('depressingly hollow,' 'tedious and conservative dirge') that advances a clear critical stance while acknowledging some positive elements in a way that ultimately undermines them.",969,94
2019-0055348,eveningstandard,Tottenham star Dele Alli out until March with hamstring strain,0,"The article presents factual information about Dele Alli's injury in a straightforward manner, using neutral language, reporting confirmed information from Tottenham, and providing relevant context about other injured players and upcoming fixtures without editorial commentary or loaded language.",560,70
2019-0240383,westernjournal,'Decorating the Graves of Comrades': Memorial Day Celebrated More Than 150 Years Ago,1,"The article is largely factual and historically informative, but contains subtle bias through selective framing—it emphasizes the contested origins of Memorial Day and gives prominence to the Waterloo, New York designation while downplaying other claims, and includes a brief mention of Confederate observances without context or explanation, which may subtly shape reader perception without being overtly one-sided.",705,97
2020-0281544,washingtonpost,Perspective | Trump and the GOP have a plan for governing during a pandemic: Just don't,3,"This piece displays strong bias through overt advocacy, emotionally charged language ('childish and anarchic,' 'baffling'), and selective framing that presents the author's perspective as objective truth rather than opinion, despite being labeled as a perspective piece.",954,72
2021-0066716,cbsnews,Biden making environmental issues and climate change a priority,1,"The article presents Biden's climate priorities in a straightforward manner but lacks substantive detail, counterarguments, or balanced perspective on climate policy debates, showing subtle framing that presents his actions without critical examination.",317,57
2018-0301595,foxnews,Whats next in Kavanaugh confirmation process,1,"The article presents procedural information with mostly neutral language, but subtly favors confirmation through selective framing—emphasizing Republican procedural concerns while characterizing Democratic strategy as potentially overplaying their hand, and highlighting how Flake's delay 'salvaged' Kavanaugh's nomination rather than presenting both sides equally.",1026,87
2019-0399934,shareblue,White House press secretary has yet to hold a single White House press briefing,3,"The article employs strong advocacy language ('hide,' 'avoid,' 'failed'), cherry-picks facts about press briefings, makes unsupported characterizations ('chaos and dishonesty'), and frames Trump administration actions negatively without presenting counterarguments or the administration's perspective on their communication strategy.",705,82
2021-0298997,ipolitics,"Trudeau government is failing Canadians, NDP leader tells delegates",1,"The article presents factual reporting of Singh's speech and statements but demonstrates subtle bias through selective emphasis on NDP promises and criticisms of the Liberals while dedicating minimal space to counterarguments or the Conservatives' perspective, relying heavily on direct quotes that advance the NDP's framing.",929,81
2018-0073425,sputnik,Russian Foreign Ministry Points at UK Govt Numerous Lies in Skripal Case,3,"The article exhibits strong bias through one-sided advocacy for Russia's position, use of scare quotes around 'novichok,' selective citation of Czech president's comments to challenge UK claims, characterization of UK statements as 'lies' and 'inconsistency,' and presents Russian denials as fact while dismissing UK evidence as 'leaks' without presenting counterarguments or balanced investigation of the poisoning incident.",745,108
2018-0439171,pinknewsuk,Hong Kong lawmakers reject gay civil unions in 27-24 vote,1,"The article presents factual information about the vote and includes perspectives from both supporters and opponents of gay civil unions, but subtly favors the pro-LGBT stance through selective framing—emphasizing public support for same-sex marriage, highlighting the narrowness of the rejection, and including dismissive characterizations of opposition arguments (e.g., calling out the flawed logic about US/UK populations 'becoming gay'), while giving less detailed space to the opposing viewpoint.",905,116
2018-0263137,eveningstandard,Kendall Jenner gets back on the horse hours after nude photo leak,2,"The article uses sensationalized framing with phrases like 'got back on the saddle, quite literally' and 'shut down haters,' employing loaded language that dramatizes the situation while focusing on the leak and its aftermath rather than providing balanced context or meaningful reporting.",649,77
2018-0008707,cnbc,Former Walmart US CEO Gun regulation is the responsibility of the government not retailers,1,"The article presents both Simon's perspective and Sorkin's argument relatively fairly, but subtly favors Simon's view through structure and framing—Simon's position is stated first and more comprehensively, while Sorkin's counterargument is introduced as a response rather than given equal weight, and the article doesn't explore potential counterpoints to Simon's reasoning about responsible retailers.",684,98
2021-0980949,greenmedinfo,Lycium barbarum polysaccharide protects rats and cardiomyocytes against ischemia/reperfusion injury.,1,"The article presents research findings in a largely factual manner with scientific methodology described, but demonstrates subtle bias through selective presentation of only positive results without discussing limitations, null findings, or critical evaluation of the compound's efficacy or safety profile.",1033,67
2018-0044811,alternet,Why Its So Hard to Delete Facebook Constant Psychological Boosts Keep You Hooked,2,"The article employs moderately biased framing by characterizing Facebook use as an 'abusive relationship' and psychological dependence, using emotionally charged language that advances a critical viewpoint while presenting limited counterarguments or Facebook's perspective on user engagement benefits.",893,74
2021-0606033,theguardianuk,"Coronavirus live news: Japan's daily cases exceed 10,000 for first time; French minister accuses England of discrimination",0,"The article presents factual information about COVID-19 cases in Kerala and India with neutral language, attribution to sources like Reuters, and objective reporting of government announcements and responses without editorial framing or loaded language.",558,63
2020-0036554,nationalreview,Glenn Greenwald Charged with 'Cybercrimes' by Brazilian Government,1,"The article presents factual information about the charges against Greenwald but includes selective framing that favors his perspective—such as emphasizing the 'embarrassing' nature of Moro's messages, characterizing the charges as 'blatantly political,' and providing Greenwald's own characterizations of the Bolsonaro movement as 'authoritarian' without substantial counterargument or context from Brazilian prosecutors or government officials.",737,110
2022-0724607,bipartisanreport,Jan 6 Rioter Who Demanded A Trial Gets Convicted On All Counts,2,"The article exhibits moderate bias through loaded language ('Trump-incited riot,' 'storming'), selective framing that emphasizes the defendant's guilt and confusion while dismissing his legal defense (the pandemic excuse) as implausible, and a narrative structure that presents the prosecution's perspective as fact rather than argument.",957,84
2020-0451903,eveningstandard,Royal wedding cellist Sheku Kanneh-Mason to headline online Philharmonic Orchestra concert,0,"The article presents factual information about the concert announcement with neutral language, includes relevant biographical details about Kanneh-Mason, and provides a straightforward quote from orchestra leadership without editorial framing or loaded language.",830,62
2020-0415640,thedailyrecord,Scot who sent Amanda Knox letter says 'it felt worth it' after she vows to visit,1,"The article contains subtle bias through selective framing that emphasizes sympathetic details about Amanda Knox and the letter writer while presenting the serious murder conviction and context in a more muted manner, though it remains largely factual and includes basic details about the case.",1013,71
2018-0154591,thetelegraph,Jet engine blow to drag on Rolls as turnaround hits turbulence,1,"The article uses mild editorial framing with metaphorical language ('turbulence,' 'blow,' 'drag') that creates a negative tone about Rolls-Royce's situation, though the core reporting appears factual and the bias is subtle rather than overtly one-sided.",391,80
2020-0526860,thesun,Shamima Begum pictured in refugee camp after being told she CAN return to UK and challenge Brit citizenship,3,"The article uses heavily loaded language ('JIHADI bride,' 'bombshell ruling,' 'bitter blow,' 'audacious bids'), includes inflammatory framing that emphasizes ISIS connections and her involvement in terrorist activities, quotes unnamed sources with rhetorical questions designed to delegitimize her legal rights, and presents the court's fairness ruling as negative for the government rather than objectively reporting on the judicial decision.",984,109
2020-0480328,presstv,Gazans rally against Israel annexation plan,3,"The article contains strong bias through repeated use of loaded language ('illegally annex,' 'law of the jungle'), one-sided framing that exclusively presents Palestinian opposition without Israeli perspective, characterization of Israel's actions as inherently unlawful, and inflammatory rhetoric (calling the US's support 'unwavering' while depicting Israel as an oppressive 'regime'), constituting overt advocacy rather than balanced reporting.",583,107
2022-0547983,talkingpointsmemo,GOP Candidate Calls Example Of 14-Year-Old Incest Survivor 'Perfect' For Abortion Ban,2,"The article presents Dixon's controversial statements factually but with selective framing that emphasizes the most extreme aspects of her position; while direct quotes are included, the headline and structure focus heavily on the inflammatory nature of her comments without exploring her full reasoning or providing substantive counterarguments from her perspective, creating a moderately biased presentation that advances a critical narrative.",813,93
2022-0043025,nationalreview,"New York Democrats Poised to Control Redistricting, Add Several Seats in Their Favor",1,"The article presents factual information about the redistricting process with mostly neutral language, but shows subtle bias through selective emphasis on potential Democratic gains, specific examples of districts Democrats could win (11th District), and limited exploration of the broader Republican advantage in redistricting nationally, which is mentioned only briefly at the end.",744,84
2022-0896882,france24,Argentina fans pray for Maradona magic amid tributes,0,"The article presents a factual, balanced account of tributes to Maradona with direct quotes from various sources, minimal editorial framing, objective language, and straightforward reporting of events without advocacy for any particular perspective.",1052,65
2020-0920853,thenation,Don't Cancel Rudolph the Red-Nosed Reindeer!,1,"The article presents a nuanced discussion of holiday specials and cultural change with generally balanced framing, but subtly favors the preservation of nostalgia while characterizing streaming as merely 'privatized' and treating Flanagan's critique as something that 'has some justice to it' rather than engaging more substantively with arguments for or against preserving these specials.",989,97
2022-0587859,theverge,Mark Zuckerberg's custom Little League baseball card is getting turned into an NFT,1,"The article contains subtle bias through selective framing and mildly sarcastic language (such as 'video metrics were off' joke and emphasis on Meta's recent failures), but maintains factual reporting with corrections noted and avoids overtly misleading claims or loaded language.",925,76
2022-0503661,trendingpolitics,BOOM: Top Republicans Vow Investigation into Brandon's Business Dealings,3,"The article exhibits strong bias through inflammatory language ('Brandon,' 'Slow Joe Biden,' 'RINO-like'), loaded framing that assumes wrongdoing without evidence, dismissive characterization of opposing perspectives ('leftist hacks,' 'legacy media'), and rhetorical questions designed to lead readers to predetermined conclusions rather than presenting balanced reporting.",923,93
2021-0030120,truepundit,Pelosi Says She Spoke To Gen. Milley About Not Allowing Trump to Order a Nuclear Strike,3,"The article uses heavily loaded language (""unstable president,"" ""unbalanced assault""), presents Pelosi's characterizations as fact rather than claims, omits any counterarguments or Trump's perspective, and frames the narrative entirely through an adversarial lens that treats removal from office as justified without presenting supporting evidence or opposing viewpoints.",575,91
2020-0732023,washingtontimes,Suit challenges NC's strict liability law on felons voting,1,"The article presents the lawsuit's claims and historical context fairly but uses some selective framing—it emphasizes the plaintiffs' arguments about racial discrimination and the law's origins while providing minimal explanation of the state's rationale for the strict liability provision, resulting in subtle favoritism toward the challenger's perspective.",729,81
2018-0024366,truepundit,Taxpayers Gave 15 Billion To The Abortion Business Over A Three-Year Period,3,"The article uses loaded language ('abortion business,' 'buzzwords like reproductive health'), presents a one-sided narrative that frames taxpayer funding negatively without explaining the full context of what services were funded or providing counterarguments from organizations receiving funds, and employs emotionally charged framing designed to inflame rather than inform.",575,86
2021-0194288,cbsnews,Virginia Beach passes resolution to support gun owners' rights,1,"The article presents a factual account of the resolution's passage and mentions that both sides were heard, but the framing emphasizes the pro-gun resolution without substantively presenting counterarguments or the opposing viewpoint's concerns.",313,72
2021-0711983,bbc,Olympic champion Bencic through to US Open quarter-finals,0,"The article presents factual information about the tennis match in neutral, objective language without editorial framing, loaded language, or bias toward any perspective; it simply reports the match results, key statistics, and upcoming matchups.",613,64
2018-0116584,washingtonpost,A reporter at the White House decided to play the audio of children sobbing Somebody had to,3,"The article exhibits strong bias through overt advocacy against Trump administration immigration policies, using emotionally charged language ('heart-rending,' 'wretched,' 'appalling,' 'child abuse'), selectively presenting facts that support a particular viewpoint, dismissing official statements as false without thorough examination, and framing the reporter's actions as heroic rather than examining journalistic objectivity standards.",935,103
2022-0859518,thehill,Abandoned: Trump's election denialism meets 2022 electoral reality,2,"The article demonstrates moderate bias through selective framing that emphasizes Trump's election denialism as a primary narrative, uses loaded language ('hornet of election-denialism,' 'metastasizing cancer,' 'lawless'), and relies heavily on critical characterizations while presenting limited counterarguments or Trump's perspective on the midterm results.",981,90
2019-0026815,thedailymirror,Adam Levine: he's worth it! Maroon 5 star is new face of L'Oreal,3,"The article is overtly promotional content masquerading as news, using excessive flattery ('smooth like Jagger,' 'sexy frontman'), product placement, direct marketing language ('Fancy a bit of rock star skin care for yourself?'), and a shopping link, which constitutes propaganda for L'Oreal rather than balanced journalism.",624,90
2018-0311197,thedenverpost,Pets get special free care at Denvers poor neighborhoods,1,"The article presents a positive community service story with factual reporting, but subtle framing choices—such as emphasizing the veterinarian's personal connection to the community, describing the area as a 'veterinary desert,' and focusing heavily on the compassionate motivations of providers—create a somewhat sympathetic angle that lightly favors the service providers' perspective without presenting counterarguments or alternative viewpoints.",1010,103
2018-0167974,theguardianuk,Sister of missing Stoke-on-Trent midwife makes plea for return,0,"The article presents factual information about a missing person case in a straightforward, chronological manner without editorial framing, loaded language, or bias toward any perspective, focusing on objective details like times, locations, and statements from authorities and family.",800,69
2022-0455909,thesun,Arsenal transfer for Fabio Vieira confirmed as Porto announce £35m sale of midfielder as Mikel Arteta starts spree,1,"The article is primarily factual and straightforward in reporting the transfer confirmation, but uses slightly promotional language ('exciting young midfielder,' 'starlet') that subtly favors a positive framing of the signing without presenting any critical perspective or balancing viewpoint.",779,73
2022-0071749,newsweek,Hannity Says Biden Basing Supreme Court Pick on Gender Unconstitutional - Trump Did the Same,1,"The article presents factual information about both Biden's and Trump's gender-based nomination commitments, but frames Hannity's criticism through selective sourcing (relying heavily on one legal scholar) while the headline and structure emphasize the hypocrisy angle, which provides subtle editorial framing that favors a critique of Hannity's position rather than presenting a fully balanced exploration of the constitutional question itself.",980,104
2018-0256096,cbsnews,Trump commemorates 911 anniversary at Flight 93 memorial,1,"The article maintains a mostly neutral, factual tone in reporting Trump's memorial remarks and actions, but subtly frames his statements prominently while the mention of his tweets attacking the Justice Department and Russia probe is briefly added at the end, creating an unbalanced emphasis that slightly favors the commemorative narrative over critical context.",622,91
2020-0824777,theguardianuk,Biden gains as suburban women and elderly voters look to dump Trump,2,"The article demonstrates moderate bias through selective framing that emphasizes Trump's weaknesses among key demographics while using loaded language (e.g., 'absolutely dooming,' 'ringing rejection,' 'macho presidency,' 'alienated') and relying heavily on expert quotes that are critical of Trump without presenting substantive counterarguments or Trump campaign perspectives on these demographic shifts.",946,99
2020-1018858,usnews,China Jails 29 Taiwanese Deported From Spain for Fraud,1,"The article presents factual information with balanced attribution of statements from both China and Taiwan, though it slightly emphasizes Taiwan's concerns about human rights and due process without equally developing China's law enforcement rationale beyond one explanatory sentence.",722,66
2022-0196121,theguardianuk,Google profiting from 'predatory' loan adverts promising instant cash,1,"The article presents a critical perspective on Google's role in advertising predatory loans with selective emphasis on harms and quotes from critics, while Google's policy enforcement efforts and statements receive less prominent coverage, creating subtle framing favoring the oversight narrative without major factual distortion.",957,75
2020-0246789,breitbart,MIT Professor: Subways Seeded the Massive Coronavirus Epidemic in NYC,1,"The article presents factual reporting of an MIT professor's research findings with minimal editorializing, but the selective framing emphasizing the subway's role and the MTA's 'ironic' decision-making introduces subtle bias toward a particular interpretation of COVID-19's spread in NYC, while lacking counterarguments or alternative explanations for the epidemic's severity.",930,94
2020-0244311,birminghammail,Why I rejected Man United - Aston Villa's soon-to-be talent chief,1,"The article presents factual information about Hopcroft's career move and quotes his own explanation for rejecting Manchester United, but uses mildly promotional language ('stellar 14-year career,' 'talent guru,' 'one of the country's best talent-spotters') that subtly favors a positive framing of the subject without balancing counterarguments or alternative perspectives.",1038,100
2021-0902534,washingtontimes,Army taking fresh look at denial of Purple Heart to troops targeted by Iranian missiles,1,"The article presents factual information about the Purple Heart review with generally neutral language, but shows subtle bias through selective emphasis on the former captain's and commander's perspectives supporting the soldiers' claims, while the Trump White House pressure allegation is presented without substantial counter-context or official response.",992,77
2021-0894293,nationalobserver,Australia dumps a pile of money into low emissions investment fund,1,"The article presents factual information about Australia's investment fund with mostly neutral language, but includes subtle framing through selective emphasis (e.g., highlighting Morrison's criticism at Glasgow and his election timing) and some loaded language (e.g., 'bolsters his government's green credentials') that slightly favors a critical perspective without fully exploring counterarguments.",893,93
2020-0876236,theguardianuk,Lee Cain: PM's senior aide resigns amid infighting at No 10,1,"The article presents factual reporting on the resignation with generally neutral language, but shows subtle bias through selective emphasis on internal conflict and dysfunction while framing critics' perspectives on pandemic mismanagement without substantial counterargument from the government's position.",975,68
2020-0457866,thesun,Almost NINE MILLION Americans 'may have had coronavirus in March... but 80 percent never knew it',2,"The article exhibits moderate bias through selective framing and word choice that emphasizes undercounting while including a critical reference to Trump's testing position without substantial counterargument, and uses sensationalized phrasing ('eye popping report') that advances a particular narrative about the pandemic's scale.",891,79
2021-0103760,metrouk,Dominic Cummings won't be prosecuted over lockdown trip as police reject claims,1,"The article presents the police decision factually but gives substantial space to Nazir Afzal's opposing viewpoint and criticism without equally balancing Cummings' perspective, creating subtle framing that emphasizes the controversy rather than the official closure.",1011,72
2022-0248607,cnn,UConn to play South Carolina in NCAA women's basketball championship game,0,"The article presents factual information about the NCAA women's basketball championship game matchup with balanced coverage of both teams, includes quotes from coaches and players from both UConn and Stanford, and uses neutral language without editorial framing or emotional language favoring either side.",1049,73
2022-0534892,abcnews,Shattering of hotel glass door in Vegas mistaken for gunfire,0,"The article presents factual information in a straightforward manner, uses neutral language, reports what police said without editorial framing, and explains both the incident and the public's reaction without advocating for a particular perspective.",535,63
2019-0110349,newsweek,'Pokémon Go' Update: New Photo Mode Lets Players Take Shots of Storage Pokémon,0,"The article presents factual information about a Pokémon Go update in a straightforward manner, using neutral language to describe features, availability, and related events without editorial framing or bias toward any perspective.",774,62
2018-0437929,thesun,What is the Yemen War about is there a famine why is Saudi Arabia involved and how many people hav,2,"The article demonstrates moderate bias through selective framing and loaded language that emphasizes Saudi Arabia's negative actions (air strikes killing civilians, criticism) while presenting their geopolitical rationale without equivalent scrutiny, and uses emotionally charged language like 'brutal' and 'bloody' while downplaying complexity in favor of a simplified good-vs-bad narrative.",977,94
2020-0554895,politicalwire,Trump Hasn't Seen His National Security Adviser,0,"The article presents factual information about Trump's statement regarding his national security adviser with direct quotes, minimal interpretation, and no detectable editorial framing or loaded language.",346,59
2021-0756313,bbc,Barcelona: The toxic battle ripping apart a European giant,1,"The article uses conversational, colorful language ('skint, potless, brassic, broke') and employs an extended metaphor (marriage of inconvenience) that adds editorial flavor, but maintains factual reporting of events and includes Koeman's agent's perspective to illustrate the situation, demonstrating subtle but detectable bias toward sympathizing with Koeman's position.",1008,100
2018-0425199,therightscoop,Trump admin greenlights 324M border wall in Arizona,2,"The article demonstrates moderate bias through selective framing that portrays border wall construction positively ('Well this is good news,' 'I'm glad to see'), omits discussion of counterarguments or criticisms, and relies on editorial commentary rather than balanced reporting of facts and multiple perspectives.",964,78
2022-0421020,pinknewsuk,Ohio Republicans advance bill requiring genital inspection to enforce trans sports ban,2,"The article demonstrates moderate bias through selective framing that emphasizes only opposition viewpoints, uses loaded language like 'state-sanctioned bullying' and 'made-up controversy,' presents the bill in the most provocative terms ('genital inspection'), and provides no substantive explanation of the bill's stated rationale or counterarguments from Republican supporters.",941,99
2020-0680496,washingtonpost,"Amid Kenosha unrest, Wisconsin suburbs become a crucial testing ground for Trump's appeals to White grievance",1,"The article presents multiple voter perspectives with direct quotes from both Trump supporters and critics, but the framing emphasizes Trump's appeals to 'White grievance' in the headline and selectively highlights concerns about his response to unrest while including more extensive quotes from anti-Trump voters, creating a subtle tilt against Trump despite attempting to show varied viewpoints.",971,98
2021-0149901,westernjournal,Racism Blamed After Woman Decides to Cover Her Own Hair with 'Heavy Duty' Adhesive,3,"The article exhibits strong bias through overt advocacy and misleading framing, using loaded language like 'the left has no concept of personal responsibility' and 'shackles of white supremacy' while dismissing systemic concerns about hair care products as indefensible, cherry-picking facts to advance a particular ideological viewpoint rather than presenting balanced analysis.",965,95
2020-0646803,foxnews,Antisemitism Watchdog Exposes Extreme Dangers Online For American Children During Lockdown,2,"The article demonstrates moderate bias through selective focus on antisemitism and extremism threats while using emotionally charged language ('nefarious,' 'subversively indoctrinate'), relying heavily on one source's perspective (Liora Rez), and presenting concerns as established facts without presenting counterarguments or broader context about online safety claims.",982,92
2019-0142103,france24,Pakistan threatens retaliation after India conducts cross-border air strikes,1,"The article presents competing claims from both India and Pakistan with factual acknowledgment of disputed casualties and evidence, though it slightly emphasizes Indian government assertions without equally developed counterarguments, and uses language like 'denies' and 'dismissed' that can subtly frame Pakistan's position as less credible.",966,83
2022-0545502,theseattletimes,MLB All-Star Game wins night but draws record low ratings,0,"The article presents factual information about MLB All-Star Game ratings with neutral language, contextualizes the decline by comparing it to other sports' all-star events, and avoids editorial framing or loaded language.",585,64
2019-0566340,thetelegraph,University investigates after students forced to eat maggots during initiation ceremony,1,"The article presents factual reporting of a serious incident with appropriate sourcing (student paper The Tab), but uses emotionally charged language like 'forced' repeatedly and selectively details degrading acts without exploring broader context, institutional response effectiveness, or counterarguments about initiation practices.",569,77
2022-0366115,freebeacon,Saudi Oil Profits Skyrocket as Biden Admin Cuts US Oil Production,3,"The article employs strong advocacy language and framing (e.g., 'kneecapped domestic fuel production,' 'curb U.S. oil production') that presupposes causality between Biden policies and Saudi profits without substantive evidence, selectively presents unconfirmed reports as fact while noting White House denials only in passing, and constructs a misleading narrative implying intentional Saudi favoritism by contrasting campaign rhetoric with current policy without acknowledging legitimate geopolitical complexities.",715,125
2022-0168255,australiannationalreview,Gazprom Announces Major Gas Pipeline Deal With China,0,"The article presents factual information about a Gazprom pipeline deal with neutral language, factual reporting of key details (parties involved, location, volume), and no detectable editorial framing or loaded language favoring any particular perspective.",364,68
2022-0552241,usatoday,The Uvalde shooting committee ignored Spanish-speaking residents. We fixed that.,1,"The article presents its translation effort as a positive public service while using some loaded language ('They blew it', 'Oppressed and suppressed') and framing the issue primarily through one perspective, though it accurately documents the legitimate failure to serve Spanish-speaking residents and includes some official responses.",967,80
2020-0528120,dailyheraldchicago,Free COVID-19 testing available at 3 Lake County high schools,0,"The article presents factual information about COVID-19 testing locations, times, and procedures with neutral language, no editorial framing, and no apparent advocacy for any particular perspective.",784,56
